ID,Sampling_1,Sampling_2,Common period (Band1 & Band1),Upper error bound,Lower error bound,Significance,Band1-Band2
1384177,22.738869565217403,21.974453781512597,335.5704697986577,-1,-1,1.0,0-1
1384177,22.738869565217403,19.333076923076934,335.5704697986577,-1,-1,1.0,0-2
1384177,22.738869565217403,22.542844827586215,nan,nan,nan,nan,0-3
1384177,21.974453781512597,19.333076923076934,335.5704697986577,-1,-1,1.0,1-2
1384177,21.974453781512597,22.542844827586215,nan,nan,nan,nan,1-3
1384177,19.333076923076934,22.542844827586215,nan,nan,nan,nan,2-3
