ID,Sampling_1,Sampling_2,Common period (Band1 & Band1),Upper error bound,Lower error bound,Significance,Band1-Band2
0458387,70.30812500000002,74.99566666666651,nan,nan,nan,nan,0-1
0458387,70.30812500000002,74.99566666666651,nan,nan,nan,nan,0-2
0458387,70.30812500000002,77.58137931034484,nan,nan,nan,nan,0-3
0458387,74.99566666666651,74.99566666666651,nan,nan,nan,nan,1-2
0458387,74.99566666666651,77.58137931034484,nan,nan,nan,nan,1-3
0458387,74.99566666666651,77.58137931034484,44.28697962798937,41.626584450805616,0.9148202831698526,1.0,2-3
